ID,IsSinkhole
0,-0.409689
1,-0.759064
2,-0.416153
3,-0.577060
4,-1.793693
5,-0.878241
6,-0.790787
7,-0.917181
8,-0.699728
9,-0.571926
10,-1.825123
11,-0.759721
12,-0.725522
13,-0.320190
14,0.000941
15,-0.397331
16,-0.642439
17,-0.991495
18,-0.101314
19,-0.748212
20,0.314748
21,-0.891814
22,-0.269562
23,0.040284
24,-0.787805
25,-1.263209
26,-0.158517
27,0.255617
28,-0.698477
29,-0.663860
30,-0.760000
31,0.126578
32,-0.790781
33,-0.991440
34,-0.072112
35,-0.900518
36,-0.628500
37,-0.221068
38,-1.020108
39,-0.013936
40,-1.517979
41,-0.527049
42,0.184410
43,-0.538713
44,-0.228786
45,-0.796560
46,-1.073677
47,-0.359358
48,-1.076426
49,-1.249375
50,3.350338
51,-0.415952
52,-0.199325
53,-0.271460
54,-0.862709
55,-0.428533
56,-0.751594
57,-0.638900
58,0.086827
59,0.038632
60,-0.547352
61,-1.119747
62,-0.705358
63,-0.619572
64,0.987630
65,-0.350320
66,-0.073450
67,0.168263
68,-0.477894
69,-1.027818
70,-0.179130
71,-0.705501
72,-1.026591
73,-0.025700
74,-0.391438
75,-1.018404
76,0.020672
77,-0.212690
78,-0.794760
79,-0.275541
80,-0.787670
81,-1.161200
82,-1.173901
83,-0.872607
84,-0.673171
85,-0.730158
86,-0.904476
87,-0.346036
88,-0.810939
89,-0.901151
90,-1.057161
91,-0.298911
92,-0.926745
93,-0.327326
94,-0.920362
95,-0.935805
96,-0.932416
97,-0.050675
98,-0.438525
99,-0.932674
100,-1.127054
101,-0.784818
102,-0.435883
103,-0.268552
104,-0.436857
105,-1.052044
106,-0.204150
107,0.299377
108,-0.381940
109,-0.061836
110,-0.764847
111,-0.587960
112,-0.332292
113,-0.802921
114,-0.928387
115,0.063667
116,-0.948905
117,-1.064680
118,-0.593396
119,-0.224185
120,-1.248941
121,-0.044959
122,-0.262369
123,-0.194152
124,-0.344299
125,-1.101209
126,0.323143
127,0.180165
128,-0.774532
129,-0.512573
130,-0.171689
131,-0.660973
132,-0.850845
133,-0.912792
134,-0.363598
135,-0.653343
136,-0.147480
137,-0.398505
138,-0.803921
139,-0.612994
140,0.166213
141,-0.578928
142,0.109104
143,-0.923369
144,-0.356123
145,-0.419936
146,-0.290200
147,-0.264892
148,-0.339372
149,-0.354706
150,0.374448
151,-0.734365
152,-0.346749
153,-0.667885
154,-0.570757
155,-0.596408
156,-1.027410
157,-0.675863
158,-1.290602
159,-1.161150
160,-0.298420
161,-0.400226
162,-0.129194
163,-1.051793
164,0.235142
165,-0.050531
166,-0.747392
167,-0.550253
168,-0.737155
169,-0.286068
170,0.111127
171,-0.846325
172,-0.746274
173,-1.651158
174,-0.229236
175,-1.291091
176,-1.054829
177,0.260535
178,-0.087964
179,-0.821706
180,-0.295734
181,-0.848035
182,-0.096613
183,-0.738456
184,-1.109638
185,-1.114995
186,-0.529105
187,-1.091344
188,0.431257
189,-0.772096
190,-0.786824
191,-0.391922
192,-1.175871
193,-0.471964
194,-0.544160
195,-0.638021
196,-1.015544
197,-0.306323
198,0.082272
199,-0.251760
200,0.020746
201,-0.997888
202,-0.084877
203,-1.265062
204,-0.035901
205,-0.920957
206,-0.686577
207,-0.924691
208,-0.654026
209,-0.187488
210,-1.170115
211,-0.780506
212,-0.360971
213,-0.418766
214,-0.455212
215,-0.512603
216,-0.825703
217,-0.848320
218,-0.511704
219,-0.548950
220,-0.004208
221,-1.563836
222,-0.513278
223,-0.718695
224,0.001549
225,-0.988992
226,-0.948970
227,-0.262221
228,-0.837045
229,-0.527120
230,-0.554443
231,-0.638401
232,0.006758
233,-1.086794
234,-0.838061
235,-0.562885
236,-0.104920
237,-1.277027
238,-0.635171
239,-0.622505
240,-1.014444
241,-0.885981
242,-0.398137
243,-0.264599
244,0.810494
245,-0.246506
246,-0.255612
247,-0.298675
248,-0.967780
249,-0.385039
250,-0.638588
251,-0.968503
252,-1.098407
253,-0.522197
254,-0.297845
255,-0.517777
256,-0.780907
257,-0.349810
258,-0.678812
259,-0.224489
260,-0.422209
261,-0.571789
262,-1.000927
263,-0.192086
264,-0.357714
265,-0.890478
266,-0.149257
267,0.056925
268,1.301889
269,0.002102
270,-0.528142
271,-0.479930
272,-0.732565
273,-0.102676
274,-0.726892
275,-0.846282
276,-0.414912
277,-0.491696
278,-0.209387
279,-0.356864
280,-0.422634
281,-0.392846
282,-0.771683
283,-0.258189
284,-0.793227
285,-0.205002
286,-0.953973
287,-1.364066
288,-1.058616
289,-0.972473
290,-0.569403
291,0.076963
292,-0.234882
293,0.028891
294,-0.681699
295,-0.757235
296,-0.161745
297,-0.403593
298,-0.492638
299,-1.184248
300,-1.602247
301,-0.214233
302,-0.125788
303,-1.194048
304,-0.215106
305,0.177387
306,0.094499
307,-0.764163
308,-0.648720
309,-0.453769
310,-0.800140
311,-0.310959
312,-1.184404
313,0.192698
314,-0.714399
315,-0.809931
316,0.054649
317,0.409346
318,-1.533318
319,-0.476394
320,-0.193545
321,-0.638937
322,-0.570802
323,-0.310859
324,-0.347342
325,-0.667065
326,0.070692
327,-0.845160
328,-0.602910
329,-0.179676
330,-0.252264
331,0.096517
332,0.373723
333,-0.650387
334,-0.372893
335,-1.089441
336,-0.127895
337,-0.737114
338,0.499302
339,-1.143900
340,-0.258714
341,-0.930694
342,-0.162742
343,-0.238488
344,-0.689628
345,-0.730669
346,-0.257067
347,-0.520330
348,-0.938800
349,-0.452331
350,0.095585
351,-0.793990
352,-0.433799
353,-0.229925
354,-0.215166
355,-0.658167
356,-0.755906
357,-0.920783
358,-0.203422
359,-0.856069
360,-0.838028
361,-0.301006
362,0.690128
363,0.064816
364,-0.985857
365,-0.455971
366,-0.299322
367,-0.265914
368,-0.198876
369,-0.788871
370,-0.263867
371,-0.500601
372,-1.077013
373,-0.087032
374,-1.096305
375,-0.943370
376,-0.299476
377,0.193279
378,-0.346675
379,-1.113737
380,-0.443541
381,-0.947760
382,-0.071899
383,-0.673727
384,-0.508400
385,-0.358361
386,-0.292114
387,-1.531675
388,-0.583981
389,-0.747619
390,-0.679578
391,-0.305289
392,-0.437580
393,-0.672823
394,-0.901811
395,-1.068576
396,-0.706608
397,0.262401
398,-0.585098
399,-0.704824
400,-0.518875
401,-1.080185
402,-0.462705
403,-0.398712
404,-0.876136
405,-0.594456
406,-0.966221
407,-1.128152
408,-0.587953
409,-0.743271
410,-1.076967
411,-0.331905
412,-0.757085
413,-1.060582
414,-0.513288
415,-0.701702
416,-0.162156
417,-0.482347
418,-0.419836
419,-0.206750
420,-0.547017
421,-0.863772
422,-0.722370
423,-0.288432
424,-0.227634
425,-1.134318
426,-0.585358
427,-0.887944
428,-0.805030
429,0.050161
430,-0.736446
431,-0.384372
432,-0.796142
433,-0.426771
434,-0.918054
435,-0.212264
436,-0.698388
437,0.224806
438,-0.022270
439,-0.620045
440,-1.004457
441,-1.036534
442,-0.893602
443,-0.665096
444,-1.027848
445,-0.734767
446,-0.810767
447,0.097065
448,-1.255024
449,-0.671139
450,-0.954750
451,-0.300197
452,-0.842018
453,-0.358673
454,-0.856468
455,-0.458917
456,-0.200257
457,-0.533621
458,-0.644542
459,3.412463
460,-0.990012
461,-0.960452
462,-0.312680
463,-0.878443
464,-0.816148
465,-1.081081
466,-0.929654
467,-0.702664
468,-0.325389
469,-0.243433
470,-0.559346
471,-1.109599
472,-2.566098
473,-0.067985
474,-0.303112
475,-0.934866
476,-0.837089
477,-0.716336
478,-0.409406
479,-0.382266
480,-1.477017
481,-0.314817
482,-0.440457
483,-0.266237
484,-0.424596
485,-0.837772
486,-0.010585
487,-0.028203
488,-0.243012
489,-0.479292
490,-0.921211
491,-0.682864
492,-0.686591
493,-0.279888
494,-0.765909
495,-0.766543
496,-0.661535
497,-0.256155
498,-0.179953
499,0.638169
500,-0.175040
501,-0.638567
502,0.002136
503,-0.826025
504,-0.123005
505,-0.202884
506,-1.376194
507,-0.251056
508,-0.218077
509,-0.217863
510,0.547822
511,-0.986161
512,-2.321989
513,-0.917320
514,-0.711857
515,-0.890973
516,-0.143366
517,0.811719
518,-0.244381
519,0.004399
520,-0.213881
521,-0.073837
522,-0.830812
523,-0.287713
524,-0.716468
525,-0.674667
526,-0.005945
527,-0.866711
528,-0.334288
529,-0.291262
530,-0.016199
531,-0.978175
532,-0.483499
533,-0.301721
534,-0.473788
535,-0.733858
536,-0.794949
537,-0.530882
538,-0.226484
539,-0.687413
540,-1.036778
541,-0.026243
542,-0.819913
543,-0.181291
544,-0.508595
545,-0.628765
546,0.039342
547,0.555323
548,0.166581
549,-1.143383
550,-1.054793
551,-0.004370
552,0.492835
553,-0.026636
554,-0.024340
555,0.747790
556,-0.398300
557,-0.649606
558,-0.055362
559,-0.758514
560,-0.267378
561,-0.876202
562,-0.223921
563,0.512163
564,0.011368
565,-1.106290
566,-0.279256
567,-0.531710
568,0.040022
569,-0.619730
570,-0.640209
571,-0.371338
572,-0.846249
573,-0.659901
574,-1.048330
575,-0.095330
576,-0.052170
577,0.046625
578,-1.206378
579,0.248226
580,-0.187877
581,-0.853755
582,-0.769398
583,-1.033692
584,-0.947674
585,-0.881886
586,-0.337739
587,-0.003620
588,-0.658535
589,-0.901885
590,-0.306988
591,-0.763960
592,-0.034592
593,-0.823660
594,-0.290094
595,-1.061714
596,-0.206438
597,-0.586801
598,-1.714087
599,-0.411063
600,-0.282581
601,-0.154011
602,0.980804
603,-0.406042
604,-1.381502
605,-0.801615
606,-0.440915
607,-0.230632
608,-0.880568
609,-0.242022
610,-0.722267
611,-1.140470
612,-0.861524
613,-0.085876
614,-0.748976
615,-0.546101
616,-0.438710
617,-0.630956
618,-1.214062
619,0.237916
620,-0.929736
621,-0.068220
622,-0.209277
623,-0.376667
624,-0.232004
625,0.183527
626,-0.543815
627,-1.191675
628,-0.591148
629,-0.593132
630,-0.344042
631,-0.928013
632,-0.276089
633,-0.479599
634,-0.556039
635,-0.417527
636,-0.673778
637,-0.239775
638,-0.686872
639,-0.898558
640,-0.625842
641,-0.911976
642,-0.495308
643,-0.661775
644,-0.985235
645,-0.143059
646,-0.409178
647,-0.430032
648,-0.756120
649,-0.216835
650,-0.236378
651,-0.726436
652,-0.859796
653,-0.460121
654,-0.835549
655,-0.869433
656,-0.262142
657,-0.226097
658,-0.829105
659,-0.652188
660,-0.848538
661,-0.734761
662,-0.126960
663,-0.471838
664,0.073821
665,-0.106741
666,-0.361044
667,-0.416615
668,-0.808683
669,-0.359255
670,-0.307524
671,-0.531876
672,-0.740550
673,-0.293441
674,-0.704532
675,-0.287263
676,-0.726624
677,-0.524432
678,-1.332940
679,-0.500502
680,-0.357398
681,-0.483834
682,-1.029763
683,-0.947982
684,-0.809178
685,-0.551535
686,-0.331931
687,0.232676
688,-0.604266
689,-0.051801
690,-1.097825
691,-1.080779
692,-0.425978
693,-0.615717
694,-0.478072
695,-0.157737
696,-0.065440
697,0.315860
698,-0.404762
699,0.113062
700,-0.964710
701,-0.340015
702,-0.442356
703,-0.476941
704,-1.354542
705,-0.777103
706,-0.641908
707,-0.916848
708,-0.961842
709,-0.403481
710,-0.923109
711,-0.897850
712,-0.473743
713,-0.285164
714,0.015888
715,-0.858502
716,-1.132691
717,-0.381315
718,-0.574373
719,-0.957685
720,-1.115466
721,-0.057843
722,-0.738133
723,-0.722668
724,-0.611216
725,-1.053358
726,-0.859948
727,-0.028617
728,-0.302665
729,0.096750
730,-0.832950
731,0.697054
732,-0.196301
733,-0.320581
734,-0.982492
735,-0.523036
736,0.525430
737,-1.120034
738,-0.650564
739,-0.475645
740,-0.539163
741,-0.674203
742,-0.437664
743,-0.057975
744,-0.718835
745,-1.076209
746,-0.782035
747,-0.937529
748,-0.570292
749,-0.774009
750,-1.179259
751,0.286255
752,-1.057904
753,-0.258318
754,-0.184590
755,-0.238293
756,-0.349996
757,0.143481
758,-0.551578
759,-0.308101
760,-0.926534
761,-0.286739
762,-1.901102
763,-0.917988
764,-0.004546
765,-0.477745
766,-1.159697
767,-0.341122
768,0.102722
769,-0.446491
770,-0.658215
771,0.368279
772,-0.120974
773,-0.497535
774,-0.513101
775,-0.503637
776,-0.826612
777,-0.860267
778,-1.700738
779,-0.589578
780,-0.714057
781,-0.073375
782,-0.065963
783,-0.918100
784,-0.710130
785,-0.001324
786,-0.443384
787,-0.622882
788,-0.579258
789,-0.586470
790,-0.146287
791,-0.206495
792,0.305963
793,-0.860498
794,0.008052
795,-0.641319
796,-0.340768
797,-0.596830
798,-0.095893
799,-0.031919
800,-0.846593
801,-0.827197
802,-0.391591
803,-0.486023
804,-0.327065
805,-0.157201
806,-0.071520
807,-0.584259
808,-0.980269
809,-0.392102
810,-0.642330
811,-0.353118
812,0.420074
813,1.759365
814,0.488133
815,-0.499330
816,-0.458134
817,-1.010168
818,-0.702076
819,-0.264952
820,-0.445043
821,-0.312406
822,-1.035921
823,-0.875064
824,0.829490
825,-0.274588
826,-0.315555
827,-0.522247
828,-0.127205
829,-0.260498
830,-0.950840
831,-0.436815
832,-0.433717
833,-0.884075
834,-0.656972
835,-0.955046
836,-0.865444
837,-0.611234
838,-0.857286
839,-0.619061
840,-0.700314
841,-0.407194
842,0.022813
843,-0.771376
844,-0.773352
845,-1.368886
846,2.021650
847,-1.032832
848,0.626772
849,-0.434208
850,-0.038237
851,-0.580634
852,-0.359628
853,0.591184
854,-0.580378
855,-0.159673
856,-0.193905
857,-0.796178
858,-0.254715
859,-0.492513
860,-1.063775
861,-0.478610
862,-0.394147
863,-0.499072
864,0.108752
865,-0.244760
866,-1.000882
867,-0.053262
868,-0.866516
869,0.611273
870,-0.907262
871,-0.755374
872,-0.949203
873,-0.265401
874,-1.127692
875,-0.375646
876,-0.672361
877,0.594331
878,-0.582426
879,-0.435652
880,-0.657741
881,-1.081099
882,0.007176
883,-0.154257
884,0.919748
885,-1.307027
886,-1.278062
887,-0.981501
888,0.115261
889,-0.827568
890,-0.750584
891,-0.592007
892,-1.040139
893,-0.438668
894,0.165508
895,-1.650504
896,0.206539
897,-0.339653
898,-0.501163
899,-0.816861
900,0.204685
901,-0.644418
902,-0.491095
903,-0.665247
904,-0.374700
905,-0.987684
906,0.184865
907,-0.745362
908,-0.992340
909,-0.264206
910,-1.114615
911,-0.142615
912,-0.930228
913,-0.463904
914,-0.015339
915,-0.805453
916,-0.080728
917,-0.236103
918,-0.584289
919,-0.335931
920,-1.003062
921,-1.056562
922,0.152136
923,-0.002385
924,-0.992822
925,-0.569479
926,-0.605738
927,-0.078141
928,-0.560006
929,-0.286456
930,-0.221207
931,-0.968491
932,-1.051744
933,-1.407995
934,-0.421348
935,-0.714582
936,-0.471606
937,-0.216869
938,-0.460497
939,-1.303861
940,-0.211114
941,-0.700197
942,1.238706
943,-0.246276
944,-1.029180
945,-0.455858
946,0.170289
947,-0.366350
948,-1.055036
949,-0.825206
950,-0.490674
951,0.238767
952,-0.045690
953,-0.550779
954,-0.280228
955,-0.671286
956,0.016078
957,-0.598327
958,-0.753769
959,-0.404042
960,-0.705954
961,-1.331415
962,-0.524956
963,-0.507425
964,-1.193061
965,-0.093895
966,-0.593295
967,-0.700437
968,-0.744436
969,-0.497199
970,-0.975363
971,-0.437853
972,-1.099748
973,-0.737892
974,-0.279065
975,-0.182824
976,-0.154329
977,-0.652350
978,-0.002188
979,-0.596871
980,-0.387003
981,-0.613851
982,-0.319566
983,-0.426459
984,-0.902158
985,-1.069431
986,0.216131
987,-0.348829
988,-0.628828
989,-1.407085
990,-0.596500
991,-0.316675
992,-1.022758
993,-0.495566
994,1.637204
995,-0.276855
996,-0.474103
997,-0.164422
998,0.692360
999,-0.369208
1000,-0.665183
1001,0.177457
1002,0.039964
1003,-0.429411
1004,0.733592
1005,-0.454686
1006,-0.975390
1007,-0.755219
1008,-0.601178
1009,-0.650537
1010,-0.661026
1011,-0.245490
1012,-0.806015
1013,-0.791419
1014,-0.728143
1015,-0.874295
1016,0.384216
1017,-0.651196
1018,-0.223451
1019,1.877768
1020,-1.519151
1021,-0.255725
1022,-0.765519
1023,0.001634
1024,-0.267472
1025,-0.589460
1026,-0.898050
1027,-1.003403
1028,3.050816
1029,0.027292
1030,-0.066730
1031,-0.978493
1032,-0.348250
1033,-0.754034
1034,-0.905196
1035,-0.855267
1036,7.012848
1037,-0.111099
1038,-0.282396
1039,-0.394620
1040,-1.183196
1041,-0.352519
1042,-0.186829
1043,-1.260143
1044,-0.268058
1045,-0.531296
1046,-0.485577
1047,-0.152451
1048,-0.534734
1049,-0.427649
1050,-0.164025
1051,-0.252345
1052,-1.071141
1053,0.244330
1054,-0.112260
1055,-0.856582
1056,-1.255766
1057,-0.480240
1058,0.069468
1059,-1.230493
1060,-0.035492
1061,-0.835103
1062,-0.679840
1063,-0.879999
1064,-0.390459
1065,-0.242957
1066,-0.952021
1067,-0.559230
1068,-0.404769
1069,-0.832378
1070,-0.267896
1071,-0.577157
1072,-1.136268
1073,-0.656693
1074,-0.308101
1075,-0.354867
1076,-0.077975
1077,-0.920602
1078,-0.599100
1079,-0.192474
1080,-0.575142
1081,-0.944194
1082,-0.849228
1083,-0.583661
1084,-0.936764
1085,-0.214441
1086,-0.781696
1087,-0.206903
1088,0.316213
1089,-0.265665
1090,0.170578
1091,0.306625
1092,-0.264844
1093,-0.393044
1094,-0.242951
1095,-0.755439
1096,-0.157460
1097,-0.691118
1098,-0.130634
1099,-0.202393
1100,-0.600093
1101,-0.843846
1102,-0.070581
1103,-0.645743
1104,-0.246605
1105,-1.062214
1106,-1.057670
1107,-0.152705
1108,-0.479355
1109,0.393934
1110,-0.849674
1111,-0.689929
1112,-1.000184
1113,-0.043397
1114,-0.666674
1115,-0.851768
1116,-0.376201
1117,-1.246397
1118,-0.271239
1119,-0.447892
1120,-0.868885
1121,-0.970843
1122,-0.952666
1123,-0.433852
1124,-0.141969
1125,-0.104660
1126,-0.277129
1127,-0.184383
1128,-0.738509
1129,0.276901
1130,-0.008016
1131,-0.993673
1132,-1.057517
1133,-0.825219
1134,0.100196
1135,-0.862419
1136,-0.763593
1137,-0.428855
1138,-0.337230
1139,-0.578812
1140,-0.773725
1141,-0.594599
1142,-0.311976
1143,-0.557759
1144,-0.814296
1145,-1.086597
1146,-0.087400
1147,-0.385654
1148,-0.744261
1149,0.412929
1150,0.026860
1151,-1.082684
1152,-1.112391
1153,0.038308
1154,-0.813444
1155,-0.793027
1156,0.079590
1157,-0.274522
1158,-0.550582
1159,-0.800883
1160,-0.662532
1161,-0.195439
1162,-0.190290
1163,-0.258153
1164,-0.586875
1165,-0.401317
1166,-1.076100
1167,-0.174514
1168,-0.141127
1169,-0.823468
1170,-0.682860
1171,-1.037730
1172,-0.746526
1173,-0.145945
1174,-0.344272
1175,0.042516
1176,-0.515582
1177,-0.333796
1178,-0.622072
1179,-1.026637
1180,-0.287063
1181,0.429795
1182,-0.327758
1183,1.567954
1184,-0.085082
1185,-0.417340
1186,-0.317137
1187,-0.500427
1188,-0.458791
1189,-0.181724
1190,-0.051471
1191,-0.433330
1192,-0.716531
1193,-0.176470
1194,-0.654360
1195,-0.596439
1196,-0.461381
1197,-0.496069
1198,-0.286983
1199,-0.450891
1200,-0.747135
1201,-0.435892
1202,-0.774899
1203,0.429983
1204,-0.708541
1205,-0.549044
1206,-0.254900
1207,-0.256993
1208,-0.647998
1209,-0.771679
1210,-0.220447
1211,-0.548746
1212,-0.405746
1213,-0.099445
1214,-1.040550
1215,1.838014
1216,-1.079069
1217,-0.127843
1218,-0.247380
1219,-0.940557
1220,-0.654726
1221,0.325975
1222,-0.285869
1223,-0.077982
1224,-0.140857
1225,-0.475900
1226,-0.428407
1227,-0.346157
1228,-0.679810
1229,0.232461
1230,-0.028730
1231,-2.032424
1232,-0.759649
1233,-0.692742
1234,-0.771956
1235,-0.085998
1236,-0.488620
1237,-0.383812
1238,-2.386993
1239,-1.013384
1240,-0.807557
1241,-0.300133
1242,-1.000326
1243,-0.340431
1244,-0.395497
1245,-0.697911
1246,0.049718
1247,-0.637653
1248,-1.033622
1249,-0.154888
1250,-0.604498
1251,-0.593503
1252,-0.037344
1253,-0.987774
1254,-0.577327
1255,-0.983380
1256,-0.219363
1257,-0.179081
1258,-1.007056
1259,-0.625333
1260,-0.934713
1261,0.699267
1262,-0.593005
1263,-0.808734
1264,-0.328993
1265,-0.510415
1266,-0.721472
1267,-0.349955
1268,-0.556550
1269,0.537099
1270,-0.834514
1271,-0.674744
1272,-0.812017
1273,-0.214469
1274,-0.442913
1275,0.119634
1276,0.664115
1277,-1.082017
1278,-0.749867
1279,-0.582903
1280,-0.338794
1281,1.516063
1282,-0.994163
1283,-0.456259
1284,-0.221569
1285,-0.068173
1286,-0.497936
1287,-0.888821
1288,-0.386100
1289,0.372506
1290,-0.863617
1291,-0.526323
1292,-0.638428
1293,-0.301382
1294,-0.665416
1295,-0.242127
1296,-0.414383
1297,-0.312496
1298,-0.314697
1299,-0.681613
1300,-0.509147
1301,-0.888871
1302,-0.248529
1303,-0.237345
1304,0.014088
1305,-0.182252
1306,-0.630730
1307,-0.239200
1308,-0.029298
1309,-1.101441
1310,-0.864339
1311,-0.748851
1312,-0.645532
1313,-0.275924
1314,-1.006003
1315,-0.397158
1316,-0.731179
1317,-0.389159
1318,-0.008642
1319,-0.091136
1320,-0.453061
1321,-0.093326
1322,-0.798403
1323,-0.202485
1324,-1.362559
1325,-1.141480
1326,0.014420
1327,2.893996
1328,-1.262707
1329,-0.335709
1330,-0.363787
1331,-0.929787
1332,-0.792395
1333,-0.031455
1334,-0.334589
1335,-0.386877
1336,-0.894591
1337,-0.197979
1338,-0.962686
1339,0.044656
1340,-0.765530
1341,-0.909121
1342,-0.452898
1343,-1.052610
1344,0.407630
1345,-0.771279
1346,-0.863139
1347,-1.092940
1348,-0.400345
1349,-0.123680
1350,0.690395
1351,-0.376203
1352,-1.517898
1353,-1.315498
1354,-0.389627
1355,-1.026510
1356,-0.812398
1357,-0.992855
1358,-0.917158
1359,-1.330652
1360,-0.575903
1361,-0.483835
1362,-0.776784
1363,-0.745233
1364,-0.709456
1365,-1.158520
1366,-1.012077
1367,-0.952459
1368,-0.892417
1369,0.016477
1370,-0.673454
1371,-0.905750
1372,-0.346911
1373,-0.565344
1374,-0.382754
1375,-0.160499
1376,-0.528626
1377,-1.025564
1378,-0.513508
1379,-0.510464
1380,-1.223447
1381,-0.184142
1382,-0.811575
1383,-0.827583
1384,-0.301706
1385,-0.283071
1386,0.295485
1387,-0.714605
1388,-1.081388
1389,-1.143196
1390,-1.001926
1391,-0.991939
1392,0.103607
1393,-0.885892
1394,-1.192060
1395,-1.016945
1396,-0.898137
1397,-0.725089
1398,-0.325290
1399,-0.721927
1400,-1.012739
1401,-0.669391
1402,-0.212125
1403,-0.200695
1404,-1.121287
1405,-0.547810
1406,-0.354106
1407,0.093809
1408,-0.059997
1409,-0.684389
1410,-0.092169
1411,-0.561050
1412,-1.073544
1413,-0.364256
1414,-1.210049
1415,0.069731
1416,-0.222677
1417,-0.486634
1418,0.156791
1419,-0.980243
1420,-0.403533
1421,-0.975641
1422,-0.277267
1423,-0.889449
1424,-0.603151
1425,-0.351103
1426,-1.096881
1427,-0.680819
1428,-1.163955
1429,-0.502266
1430,-0.145274
1431,-0.575472
1432,-0.365267
1433,-0.865595
1434,-0.626157
1435,0.012729
1436,-0.172393
1437,-0.751810
1438,-0.727979
1439,-0.501453
1440,-0.059251
1441,-0.458625
1442,-0.126869
1443,-0.581132
1444,-0.797299
1445,-0.093963
1446,-0.766595
1447,-0.839812
1448,-1.023745
1449,-0.644285
1450,-1.489764
1451,-0.222764
1452,-1.173042
1453,-0.519713
1454,-0.667123
1455,0.136677
1456,0.012171
1457,-1.153846
1458,-1.042583
1459,-0.946443
1460,-0.087884
1461,-0.469966
1462,-1.092369
1463,-0.192349
1464,-0.493991
1465,-0.447555
1466,-0.642275
1467,-1.210137
1468,-0.279148
1469,-0.831838
1470,-1.012798
1471,-0.158630
1472,-1.044637
1473,0.330965
1474,-0.909805
1475,-0.311733
1476,-0.779632
1477,-1.064122
1478,-0.930752
1479,-0.813120
1480,-0.545732
1481,-0.220015
1482,-1.145466
1483,-1.385621
1484,-0.677206
1485,-0.068957
1486,-0.514842
1487,-0.542448
1488,-0.374203
1489,-0.732751
1490,-0.786296
1491,-1.903032
1492,-0.074490
1493,-0.134579
1494,-0.746537
1495,-0.605466
1496,-0.694286
1497,-1.036860
1498,-0.653132
1499,-1.117599
1500,-0.193141
1501,-0.871093
1502,-0.045916
1503,0.028214
1504,1.075724
1505,-0.514084
1506,-0.166666
1507,1.145524
1508,-0.753560
1509,-0.378546
1510,-1.131004
1511,0.011818
1512,-0.285582
1513,0.081582
1514,-0.800233
1515,-0.499561
1516,-0.601658
1517,-0.758435
1518,-0.353367
1519,-0.065405
1520,-0.902248
1521,-0.548042
1522,-0.073323
1523,-0.161253
1524,-0.401513
1525,0.878415
1526,0.326662
1527,-0.427593
1528,-1.134032
1529,-0.488628
1530,-0.192065
1531,-0.214323
1532,-0.155079
1533,-1.105466
1534,-0.289813
1535,-0.183457
1536,-0.538617
1537,-0.766243
1538,-0.129276
1539,-0.640185
1540,-0.473264
1541,-0.634544
1542,0.411261
1543,0.562280
1544,-0.478277
1545,-1.165246
1546,-0.421991
1547,-0.724807
1548,0.094508
1549,-1.040376
1550,-0.289745
1551,-0.698777
1552,-0.126095
1553,-0.922078
1554,-0.553414
1555,-0.166921
1556,-0.712184
1557,-0.558369
1558,-0.276528
1559,-1.084655
1560,-0.188812
1561,-0.566634
1562,-0.710088
1563,-0.208530
1564,0.068792
1565,-0.974342
1566,0.600434
1567,-0.547159
1568,-0.580740
1569,-0.895755
1570,-0.764482
1571,-0.399417
1572,-0.405325
1573,-0.061954
1574,-0.730681
1575,-0.042008
1576,-1.097074
1577,-0.980580
1578,-0.156389
1579,-1.154733
1580,-0.179004
1581,-0.686641
1582,0.656275
1583,-0.828645
1584,-0.619580
1585,-0.217805
1586,-0.548693
1587,-0.442136
1588,-0.257766
1589,-0.345182
1590,-1.217086
1591,-1.163193
1592,-0.173321
1593,-0.872563
1594,-0.100628
1595,-0.952569
1596,-1.198044
1597,0.098529
1598,0.164953
1599,-0.571398
1600,-0.807318
1601,-0.339005
1602,-1.072983
1603,-0.478488
1604,-0.094722
1605,-0.373420
1606,-1.220244
1607,-0.767035
1608,-1.631844
1609,-0.221403
1610,-0.530767
1611,0.100712
1612,-0.035500
1613,5.488669
1614,-0.962441
1615,-0.298151
1616,-0.173196
1617,0.293332
1618,-0.954974
1619,-0.789925
1620,-0.180888
1621,-0.913688
1622,-1.203414
1623,-0.462902
1624,-1.198512
1625,-0.727270
1626,-0.546507
1627,0.325126
1628,-0.716882
1629,-0.620165
1630,0.612560
1631,-0.897388
1632,1.809563
1633,-0.275354
1634,0.877519
1635,-0.262425
1636,-0.222585
1637,-1.164329
1638,-0.826968
1639,0.874002
1640,-0.984217
1641,1.917799
1642,0.011927
1643,-0.853275
1644,-0.619790
1645,-0.938690
1646,-0.867799
1647,-0.158152
1648,-0.505265
1649,-0.776828
1650,-0.192441
1651,0.178737
1652,-1.167532
1653,-0.681968
1654,-0.322641
1655,-1.227455
1656,-0.787560
1657,0.038329
1658,-0.413374
1659,2.053081
1660,-1.197440
1661,-0.083806
1662,-0.314298
1663,-0.985171
1664,0.279647
1665,-0.002603
1666,-0.198121
1667,-1.035157
1668,-1.257354
1669,-0.366231
1670,-0.456760
1671,-0.857340
1672,-0.898853
1673,-0.167157
1674,-0.209310
1675,-0.792956
1676,-0.764304
1677,0.633789
1678,-1.041016
1679,-0.710722
1680,-0.043411
1681,0.019398
1682,0.242234
1683,-1.260543
1684,-0.418587
1685,-1.010355
1686,-0.223281
1687,0.370994
1688,-0.546877
1689,-0.691817
1690,-0.705532
1691,0.568511
1692,-0.775985
1693,-0.070241
1694,-0.702825
1695,-0.515715
1696,-1.050106
1697,-0.755613
1698,0.549576
1699,-0.481365
1700,-0.836338
1701,-0.113684
1702,-1.162156
1703,-0.406512
1704,-0.173831
1705,-0.658885
1706,-0.116679
1707,0.125650
1708,0.211813
1709,-0.734974
1710,0.211815
1711,-0.338309
1712,-0.302220
1713,-0.748249
1714,0.020813
1715,-0.372734
1716,-0.474793
1717,0.038271
1718,-0.567284
1719,-0.411648
1720,-0.717248
1721,-0.274777
1722,-0.371601
1723,-0.990806
1724,0.081157
1725,-0.365017
1726,-0.890001
1727,-0.630947
1728,-0.506326
1729,-0.246600
1730,-0.599049
1731,-0.028215
1732,-1.050856
1733,-0.301849
1734,-0.248716
1735,-0.275982
1736,0.295999
1737,0.285585
1738,0.608921
1739,-0.749175
1740,-0.266075
1741,-0.631215
1742,0.012004
1743,0.097852
1744,-0.299651
1745,-0.335528
1746,-0.767165
1747,-1.005366
1748,-0.200937
1749,-1.055079
1750,0.062203
1751,0.247504
1752,-1.459425
1753,-0.937085
1754,-0.432750
1755,-0.389271
1756,-0.062405
1757,-0.053391
1758,-0.537456
1759,-0.594996
1760,-0.704999
1761,-0.606768
1762,-0.299249
1763,-0.537444
1764,-0.203754
1765,-0.847317
1766,0.214093
1767,0.122117
1768,-0.393932
1769,-0.467379
1770,-0.945755
1771,-1.143512
1772,-0.076007
1773,-0.169938
1774,0.063753
1775,-0.693733
1776,-0.460764
1777,-0.251584
1778,-0.007048
1779,-0.659181
1780,-0.035364
1781,-0.192378
1782,-0.119013
1783,-0.884751
1784,-0.600017
1785,0.277599
1786,-0.401518
1787,0.032027
1788,-0.830354
1789,-0.530378
1790,-0.182625
1791,0.024892
1792,-1.072491
1793,-0.331290
1794,-0.933982
1795,-0.969719
1796,-0.945304
1797,-1.060086
1798,-0.130959
1799,0.384523
1800,-1.198238
1801,0.184184
1802,-0.411073
1803,-1.290466
1804,-0.066166
1805,-1.731454
1806,-1.158133
1807,-0.688889
1808,-0.574061
1809,-0.597073
1810,-0.542482
1811,-0.355090
1812,-0.737327
1813,-0.942378
1814,-0.729833
1815,-0.610707
1816,-0.853926
1817,-0.421287
1818,-1.338362
1819,-0.400182
1820,-0.633716
1821,-0.836668
1822,0.155145
1823,-1.161217
1824,-0.634192
1825,-0.304156
1826,-0.969603
1827,-0.496829
1828,-0.820032
1829,-0.389462
1830,-1.144970
1831,0.025107
1832,-0.963217
1833,-0.757005
1834,-1.398197
1835,-1.034790
1836,-0.610181
1837,-0.765279
1838,-0.204286
1839,-0.327770
1840,-0.677302
1841,-0.375160
1842,-0.418033
1843,0.271358
1844,-1.070154
1845,-1.009931
1846,-0.939656
1847,-0.291538
1848,-0.325006
1849,-0.154335
1850,-0.661597
1851,-0.961432
1852,-0.041717
1853,-0.843796
1854,-0.107102
1855,-0.447461
1856,-0.503086
1857,-0.605945
1858,-0.585640
1859,0.365951
1860,-0.446978
1861,-0.457386
1862,-0.930242
1863,-0.309677
1864,-0.342212
1865,-0.431024
1866,-0.198876
1867,-1.021538
1868,-0.829454
1869,-1.164365
1870,-0.625987
1871,0.411941
1872,-0.409535
1873,-0.006703
1874,-0.077733
1875,-0.312792
1876,-0.437087
1877,-0.864133
1878,-1.321202
1879,-0.389817
1880,-0.158521
1881,-0.210457
1882,-0.156401
1883,-0.157403
1884,-0.345491
1885,-0.384551
1886,-0.868262
1887,-0.322594
1888,-1.155945
1889,-0.894153
1890,0.006539
1891,-0.664535
1892,-0.593031
1893,-0.705042
1894,-0.614479
1895,-0.051934
1896,-0.802761
1897,-0.417136
1898,-0.770375
1899,-1.972590
1900,-0.509590
1901,-0.186130
1902,-0.187902
1903,-1.235121
1904,-0.477128
1905,-0.350015
1906,-0.948269
1907,-0.572853
1908,0.226314
1909,-0.110746
1910,-0.260387
1911,-0.609631
1912,-1.045687
1913,-0.227165
1914,-0.595372
1915,-0.011401
1916,-1.149244
1917,-1.075528
1918,-1.014184
1919,-1.231501
1920,-0.416586
1921,-0.272597
1922,-0.788957
1923,-0.284085
1924,-0.444149
1925,0.039448
1926,-5.409564
1927,-0.907178
1928,-0.976854
1929,-0.298834
1930,-0.543403
1931,-0.380964
1932,0.261843
1933,-0.031663
1934,-2.328124
1935,-0.835036
1936,-0.237572
1937,-0.786791
1938,-0.233209
1939,-1.181141
1940,-0.288925
1941,-0.651478
1942,-0.792428
1943,-0.518260
1944,-0.984773
1945,-0.582593
1946,-0.472980
1947,-0.773504
1948,-1.085014
1949,-1.005005
1950,-0.625039
1951,-0.726888
1952,0.098875
1953,-0.203318
1954,-0.687381
1955,-0.035776
1956,-0.151561
1957,-0.228207
1958,-0.611764
1959,-0.110643
1960,-0.746743
1961,0.109760
1962,0.927562
1963,-0.320305
1964,-1.113905
1965,0.040681
1966,-0.187111
1967,-1.178079
1968,1.462589
1969,-1.144368
1970,-1.179070
1971,-1.074413
1972,-0.539748
1973,-1.143387
1974,-0.775701
1975,-0.778821
1976,-0.834584
1977,-0.116144
1978,-0.188755
1979,-0.982785
1980,-0.198363
1981,-1.056745
1982,-0.898542
1983,-0.015821
1984,-0.401634
1985,-0.541850
1986,2.405800
1987,-0.357574
1988,-0.658782
1989,-0.205212
1990,-0.618245
1991,0.328526
1992,-0.451091
1993,-0.158018
1994,-0.098883
1995,-0.588268
1996,-0.956452
1997,-0.959481
1998,-0.737177
1999,-0.320153
2000,-0.990043
2001,-0.202616
2002,-0.371173
2003,0.285982
2004,0.254622
2005,-1.009168
2006,-0.038492
2007,-0.547950
2008,-0.151213
2009,-0.539926
2010,-0.772552
2011,-0.506287
2012,-0.159833
2013,-1.632542
2014,-0.734020
2015,-0.772592
2016,-0.486002
2017,-0.750825
2018,-0.499120
2019,-0.614075
2020,-0.410325
2021,-0.286199
2022,-0.146284
2023,-1.006668
2024,0.163745
2025,-0.747352
2026,-0.864562
2027,-0.200799
2028,-0.443538
2029,0.125274
2030,-0.387355
2031,-0.824149
2032,-0.945664
2033,-1.084905
2034,-1.231112
2035,-0.832226
2036,-1.112023
2037,-0.488820
2038,-0.452322
2039,-0.551848
2040,-0.242119
2041,-1.159935
2042,-1.012071
2043,-0.266479
2044,-0.658846
2045,-0.067069
2046,-0.913109
2047,-0.803749
2048,-0.165190
2049,-0.201133
2050,-0.027250
2051,-0.984298
2052,-0.404063
2053,-1.261269
2054,-0.374691
2055,-0.577030
2056,-0.359057
2057,-0.582815
2058,-0.569277
2059,-1.241611
2060,-0.565117
2061,-0.820641
2062,-0.460060
2063,-0.193469
2064,-0.043240
2065,-1.059251
2066,-0.268415
2067,-0.842800
2068,-0.641706
2069,-0.108039
2070,-1.184614
2071,-0.284559
2072,-0.860797
2073,-0.725730
2074,-0.287824
2075,-0.476246
2076,-0.752406
2077,-0.219339
2078,-0.612769
2079,-0.208130
2080,-1.099678
2081,-0.603814
2082,-1.020830
2083,-0.734188
2084,0.623822
2085,-0.158100
2086,-0.468290
2087,-0.425746
2088,-0.702567
2089,-0.489693
2090,-0.242880
2091,-0.486803
2092,-0.514979
2093,-0.753063
2094,-1.514243
2095,0.361210
2096,0.301441
2097,-0.218987
2098,-0.737148
2099,-0.183337
2100,-0.560928
2101,-0.675682
2102,-0.257153
2103,-0.907703
2104,-0.150834
2105,-0.848601
2106,-1.222798
2107,-0.228067
2108,-0.047613
2109,-0.795270
2110,-1.026277
2111,-0.493598
2112,0.148958
2113,-0.811163
2114,-1.153420
2115,-0.357235
2116,-1.139396
2117,-0.346983
2118,-0.829431
2119,-0.408035
2120,-0.516080
2121,-0.294154
2122,-0.083669
2123,-0.082626
2124,-0.843827
2125,-0.051023
2126,-0.848670
2127,-0.683574
2128,0.052122
2129,0.193743
2130,0.111905
2131,-0.537247
2132,-0.294333
2133,-0.044075
2134,0.329390
2135,-0.234285
2136,-0.411800
2137,0.591086
2138,0.248120
2139,0.210471
2140,-0.575412
2141,-1.031755
2142,-0.249921
2143,-0.862499
2144,-0.903408
2145,-0.459605
2146,-1.085782
2147,-0.783623
2148,-0.914503
2149,-0.479914
2150,-1.116161
2151,-0.146608
2152,0.025911
2153,-0.435817
2154,-0.979407
2155,-0.734802
2156,-0.483032
2157,-0.342081
2158,-0.018585
2159,-0.643770
2160,-2.781645
2161,-0.919495
2162,-0.907532
2163,-0.909866
2164,-0.718327
2165,-0.160805
2166,-1.111758
2167,0.078523
2168,-0.924319
2169,-0.797146
2170,-0.318482
2171,-0.788263
2172,0.244526
2173,-0.285716
2174,-1.020628
2175,-0.757806
2176,-0.308802
2177,-0.368876
2178,-0.055460
2179,-1.014182
2180,-0.749079
2181,0.011691
2182,-0.409355
2183,0.016452
2184,-0.232078
2185,-0.083843
2186,-0.390650
2187,-0.936408
2188,-0.026211
2189,-0.836956
2190,-0.113117
2191,-0.276935
2192,-0.190306
2193,-0.701618
2194,-0.565346
2195,-0.188498
2196,-1.178999
2197,-1.584336
2198,-0.124708
2199,-0.112455
2200,-0.265328
2201,-0.674354
2202,-1.022719
2203,0.115079
2204,-1.424330
2205,-0.980309
2206,-0.073650
2207,-0.720023
2208,-0.514178
2209,-0.001722
2210,-0.154412
2211,-0.525833
2212,-0.250332
2213,-0.225235
2214,-0.509322
2215,-1.479502
2216,-0.177870
2217,-0.109106
2218,0.186345
2219,-0.980510
2220,-0.339146
2221,-0.558368
2222,-0.965844
2223,0.589577
2224,0.250585
2225,-0.968603
2226,-0.676247
2227,-0.752962
2228,-0.115354
2229,-0.105870
2230,-0.880637
2231,-0.976551
2232,-0.548896
2233,-0.406052
2234,-0.448215
2235,-0.602175
2236,-0.066262
2237,-0.321815
2238,-0.620339
2239,0.241326
2240,-1.446191
2241,4.145371
2242,-1.115403
2243,-0.285725
2244,0.736326
2245,-0.342723
2246,-0.563475
2247,-0.917786
2248,-0.733314
2249,-0.578463
2250,-0.284906
2251,-0.562476
2252,-0.074648
2253,-0.883553
2254,-1.068456
2255,2.238893
2256,-0.501040
2257,-0.821315
2258,-0.796598
2259,-1.071358
2260,-0.786339
2261,-0.997971
2262,-0.197399
2263,-1.616800
2264,-0.118440
2265,-0.140478
2266,-0.293899
2267,-0.228054
2268,-0.509632
2269,-1.010122
2270,-0.572386
2271,-0.162843
2272,-0.831885
2273,-0.608117
2274,-0.660488
2275,-0.442051
2276,-0.183814
2277,-0.535012
2278,-0.958144
2279,-0.766163
2280,0.243895
2281,-0.909139
2282,-0.283643
2283,-0.090621
2284,-0.628829
2285,-1.055687
2286,-0.721576
2287,0.233307
2288,2.210988
2289,-0.414885
2290,-0.274671
2291,-0.946972
2292,-0.584394
2293,-1.005685
2294,-0.997570
2295,-1.027851
2296,-1.252294
2297,-0.673292
2298,-0.620211
2299,-0.717870
2300,0.022648
2301,-1.227936
2302,-0.404798
2303,-0.969093
2304,0.977354
2305,-0.268461
2306,-0.521933
2307,-0.491584
2308,-0.826377
2309,-0.360000
2310,-0.467669
2311,-0.899427
2312,-0.297946
2313,-0.026333
2314,0.548043
2315,-0.127809
2316,-0.396922
2317,-1.537532
2318,-0.201512
2319,-1.033244
2320,-0.781881
2321,0.144949
2322,1.451629
2323,0.100192
2324,-0.728037
2325,-0.497234
2326,-0.875574
2327,-0.792139
2328,-0.731719
2329,-0.598927
2330,-0.694981
2331,0.096130
2332,-0.375289
2333,-0.243250
2334,-0.097196
2335,-0.712076
2336,-0.324397
2337,0.845610
2338,-0.332425
2339,-0.935969
2340,-0.257268
2341,-0.849352
2342,-0.884378
2343,-0.550899
2344,-0.380756
2345,-0.723998
2346,-0.611401
2347,-0.440168
2348,-0.492702
2349,0.270374
2350,-0.757837
2351,-0.206129
2352,-0.798088
2353,0.160771
2354,-0.516509
2355,-0.598176
2356,-1.184568
2357,-0.357065
2358,-0.152355
2359,-0.449584
2360,-0.993858
2361,-0.166605
2362,0.013098
2363,0.304479
2364,-0.686189
2365,-0.477524
2366,-0.097201
2367,-0.526572
2368,-0.073457
2369,-0.575073
2370,-0.961241
2371,-0.540169
2372,-0.907562
2373,-0.998459
2374,-0.810088
2375,-0.681919
2376,-0.467785
2377,-0.137742
2378,0.903959
2379,-0.372233
2380,-1.177069
2381,-0.006549
2382,-0.931792
2383,-0.448306
2384,-0.966471
2385,-0.054943
2386,-0.527655
2387,-0.482683
2388,-0.880992
2389,-0.799280
2390,-0.504768
2391,0.022178
2392,-0.060821
2393,-1.542808
2394,-0.194397
2395,-0.190431
2396,-0.848757
2397,-0.132530
2398,-0.737908
2399,-0.624708
2400,-0.708452
2401,-0.668528
2402,0.008286
2403,-0.315148
2404,-0.417328
2405,-0.198071
2406,-0.227676
2407,-0.317022
2408,-0.458587
2409,-1.429145
2410,-0.536443
2411,-0.226104
2412,-0.551787
2413,-0.094709
2414,-0.920793
2415,-0.741137
2416,-0.999725
2417,-0.759762
2418,-0.578183
2419,-0.560570
2420,-0.436249
2421,-0.631386
2422,-0.232549
2423,-0.591532
2424,0.086038
2425,-0.316742
2426,-1.461770
2427,-0.801076
2428,-0.865725
2429,-1.016966
2430,-0.259669
2431,-0.345329
2432,0.615302
2433,-0.365749
2434,-0.067927
2435,-0.757013
2436,-0.199255
2437,-0.405496
2438,-0.504562
2439,-0.155143
2440,-1.363671
2441,-0.668427
2442,-0.960074
2443,-1.031935
2444,-0.213039
2445,-0.211906
2446,-0.346769
2447,-0.323642
2448,-0.893392
2449,-1.161080
2450,-0.223960
2451,-0.877828
2452,1.246421
2453,-0.375279
2454,-0.814639
2455,-0.856759
2456,-0.903788
2457,-1.268987
2458,-1.107394
2459,-0.504533
2460,0.571039
2461,-1.077891
2462,-0.490764
2463,-0.904723
2464,-0.336519
2465,-0.454973
2466,0.243325
2467,-0.333476
2468,-0.448975
2469,-0.545810
2470,-0.945401
2471,-0.718092
2472,-0.114807
2473,-1.133658
2474,-0.366866
2475,-0.812644
2476,1.015687
2477,0.296580
2478,-0.331616
2479,-0.900193
2480,-0.456822
2481,-0.461586
2482,-0.179931
2483,-0.653747
2484,-1.126118
2485,-0.326376
2486,-0.318842
2487,-0.627140
2488,-0.368560
2489,0.598807
2490,-0.318464
2491,-0.165640
2492,-0.372744
2493,-0.992982
2494,-1.084858
2495,-0.055849
2496,-0.799088
2497,-0.076551
2498,0.174111
2499,0.212703
2500,-0.263362
2501,-0.045627
2502,-0.523186
2503,-0.619062
2504,-0.031643
2505,-0.836428
2506,-1.119730
2507,-0.160084
2508,-1.045099
2509,-0.210771
2510,-0.467521
2511,-0.570412
2512,-0.988696
2513,-0.855485
2514,-0.879415
2515,-0.235562
2516,0.096813
2517,-0.552014
2518,-0.082791
2519,-0.269105
2520,-0.899753
2521,-1.073625
2522,-0.152678
2523,1.933866
2524,-0.429621
2525,-1.069518
2526,-1.271274
2527,-2.029041
2528,-0.574690
2529,-0.311236
2530,-0.338745
2531,-0.744281
2532,-0.292618
2533,-0.000730
2534,-0.828348
2535,-1.264630
2536,-0.604131
2537,-0.878295
2538,-0.599541
2539,0.270737
2540,-1.108864
2541,-0.876678
2542,0.571174
2543,-0.119826
2544,-1.269406
2545,-0.502816
2546,-0.948127
2547,-0.105057
2548,-0.394709
2549,-0.423129
2550,-0.498989
2551,-0.405087
2552,-0.992442
2553,-0.600088
2554,-1.015587
2555,1.360035
2556,-0.939689
2557,-0.841122
2558,-0.475838
2559,-0.763756
2560,-0.550827
2561,-0.685136
2562,-0.889218
2563,-0.115674
2564,-1.238832
2565,-0.479324
2566,-0.885180
2567,-0.477268
2568,-0.624457
2569,-0.072029
2570,-0.535895
2571,-0.761288
2572,-0.573646
2573,-0.309013
2574,-0.459709
2575,-1.118940
2576,-0.189545
2577,-1.178581
2578,-0.810529
2579,-0.463724
2580,-0.633006
2581,-1.114252
2582,-0.249821
2583,-0.146521
2584,-0.907955
2585,-0.203693
2586,-0.870512
2587,-0.666521
2588,-0.714677
2589,1.658596
2590,-0.238342
2591,-0.998181
2592,-0.593704
2593,-0.217987
2594,-0.490702
2595,-0.458651
2596,0.361871
2597,-0.790614
2598,-0.876238
2599,-0.483475
2600,-1.044935
2601,0.091705
2602,-0.126851
2603,-0.186275
2604,-0.728203
2605,-1.152973
2606,0.050789
2607,0.142873
2608,-0.222851
2609,-1.109767
2610,-0.187827
2611,-0.443862
2612,-1.082680
2613,-0.554032
2614,-0.772853
2615,-0.018223
2616,-0.916723
2617,-0.462740
2618,-0.234194
2619,-0.362060
2620,-0.823014
2621,-0.120860
2622,-0.189811
2623,-0.052061
2624,-1.031857
2625,-0.800101
2626,-1.253781
2627,0.151699
2628,-0.641934
2629,-0.606288
2630,-0.193479
2631,-1.026333
2632,-0.603731
2633,-0.836029
2634,-0.414586
2635,-0.420093
2636,-0.493222
2637,-0.165582
2638,-0.095457
2639,-0.613057
2640,-0.392517
2641,-0.395708
2642,-0.100563
2643,-1.126359
2644,0.254526
2645,-0.684646
2646,-0.453145
2647,-1.347748
2648,0.009697
2649,-0.404847
2650,-0.983111
2651,0.276391
2652,-0.002122
2653,-0.582136
2654,-0.280909
2655,-1.012972
2656,-0.205230
2657,-0.254708
2658,-0.726414
2659,-1.107647
2660,-1.237504
2661,-1.012075
2662,-0.426960
2663,-0.724197
2664,-0.687954
2665,-0.344371
2666,-0.949581
2667,-0.145024
2668,0.736546
2669,-1.049322
2670,-0.855662
2671,-0.765776
2672,-0.083106
2673,0.003457
2674,-1.149951
2675,-0.371313
2676,-0.253028
2677,-0.972045
2678,-0.437789
2679,-0.479036
2680,-0.321635
2681,-0.609993
2682,-0.928775
2683,-0.525154
2684,-0.850473
2685,0.220387
2686,-1.049938
2687,0.154310
2688,-1.052533
2689,-0.666556
2690,-0.479753
2691,-0.294163
2692,-0.249523
2693,-0.301574
2694,-0.328622
2695,-0.804968
2696,-0.655042
2697,-0.395371
2698,-1.037019
2699,-0.717576
2700,-0.709582
2701,0.528584
2702,-0.836199
2703,-0.299858
2704,-0.483815
2705,-0.742677
2706,-0.198311
2707,0.660038
2708,-0.577307
2709,-1.039096
2710,-0.932471
2711,-0.948403
2712,-0.382214
2713,-0.709214
2714,-0.611590
2715,0.017652
2716,0.434519
2717,-0.538599
2718,-0.025772
2719,-0.382224
2720,-0.255600
2721,-0.674359
2722,-0.029436
2723,-0.899497
2724,-0.816508
2725,-0.250726
2726,-0.353675
2727,-0.514801
2728,0.309594
2729,-0.311619
2730,-0.761676
2731,-0.149892
2732,-0.243244
2733,-0.555067
2734,0.076173
2735,-0.276816
2736,-0.314857
2737,-1.048319
2738,-0.555159
2739,-0.487837
2740,-1.224957
2741,-1.250392
2742,-0.143850
2743,-0.262474
2744,-0.104867
2745,-0.747668
2746,-0.554999
2747,-1.006684
2748,-0.384584
2749,-0.221138
2750,-0.758928
2751,-0.457989
2752,-1.228511
2753,-0.623995
2754,-0.918469
2755,-1.022517
2756,-0.747888
2757,-0.624503
2758,-0.953836
2759,-1.042700
2760,-0.894894
2761,-0.928831
2762,-0.931721
2763,-0.164839
2764,-0.747119
2765,0.180076
2766,-0.648375
2767,-0.449704
2768,0.157204
2769,-0.874948
2770,0.785860
2771,0.196417
2772,-0.985871
2773,-0.217715
2774,-0.723974
2775,-0.071915
2776,-0.014960
2777,0.121465
2778,0.313813
2779,0.269584
2780,-0.983888
2781,-0.713044
2782,-1.020660
2783,-0.490346
2784,-1.075747
2785,-0.293978
2786,-0.035351
2787,-0.372216
2788,1.046249
2789,-0.743137
2790,-0.360216
2791,-0.676527
2792,-0.370131
2793,-0.598532
2794,-0.378276
2795,-1.221771
2796,-0.512383
2797,-1.037295
2798,-1.004361
2799,-0.487231
2800,-0.538485
2801,-0.365361
2802,0.001665
2803,-0.660775
2804,-0.550163
2805,-0.356677
2806,0.070621
2807,-0.557643
2808,-0.004027
2809,-0.194083
2810,-0.478920
2811,-0.374716
2812,0.047511
2813,-0.454829
2814,-0.313284
2815,-1.199582
2816,-0.626385
2817,-0.705404
2818,-1.222981
2819,-0.869324
2820,-0.598853
2821,-1.051667
2822,0.157597
2823,-0.469244
2824,-0.535776
2825,-0.152452
2826,-0.170421
2827,-0.705501
2828,-0.151880
2829,-0.064073
2830,-0.097344
2831,-0.248589
2832,-1.028711
2833,-0.814724
2834,-0.556365
2835,-0.182996
2836,-0.637262
2837,-0.907275
2838,-0.810427
2839,-0.043603
2840,-0.402911
2841,-0.746056
2842,-0.046857
2843,-0.767416
2844,-1.115187
2845,-0.342372
2846,-0.797689
2847,-0.598471
2848,-0.418620
2849,-0.220919
2850,-0.826141
2851,-0.419441
2852,-0.363149
2853,-0.727008
2854,-1.240907
2855,0.051564
2856,-0.983933
2857,-0.380050
2858,-0.027546
2859,-0.208214
2860,-0.705354
2861,-0.152873
2862,-0.407095
2863,-1.288441
2864,-0.414802
2865,-0.267206
2866,0.545476
2867,0.410885
2868,-0.115718
2869,-1.074443
2870,-0.476246
2871,-0.538591
2872,0.474663
2873,-0.448104
2874,-0.377036
2875,-0.170640
2876,-0.680093
2877,-0.928572
2878,0.441203
2879,-0.115493
2880,-1.370580
2881,-0.975310
2882,-0.498807
2883,-0.396108
2884,0.019561
2885,-0.276329
2886,0.572062
2887,-0.959554
2888,-0.735625
2889,-0.483956
2890,-0.250930
2891,-0.403494
2892,-0.363090
2893,-0.370937
2894,-0.632867
2895,-1.002110
2896,-0.515300
2897,-0.832100
2898,-1.174620
2899,-0.733486
2900,-0.377192
2901,0.243064
2902,-0.502858
2903,-0.957968
2904,-0.556606
2905,-0.239938
2906,-0.785542
2907,-0.140592
2908,-0.743270
2909,-1.019221
2910,-0.606242
2911,-0.201647
2912,-0.880987
2913,-0.321900
2914,-0.869789
2915,-1.738916
2916,-0.059078
2917,-0.236248
2918,-0.440019
2919,0.138464
2920,-0.603588
2921,-0.181748
2922,0.609434
2923,-0.445309
2924,-0.797251
2925,0.311018
2926,-0.571836
2927,1.328794
2928,-0.298272
2929,-0.221550
2930,-0.087733
2931,0.233463
2932,-0.480398
2933,-0.393340
2934,-1.159673
2935,-0.105272
2936,-0.604380
2937,-0.218971
2938,-0.775097
2939,-1.060438
2940,-0.583480
2941,0.476479
2942,-0.188873
2943,-0.791827
2944,-0.675759
2945,-0.482396
2946,-0.372348
2947,-0.249739
2948,-0.113037
2949,0.108971
2950,-1.235024
2951,-0.347053
2952,-0.646149
2953,-1.636609
2954,-0.672006
2955,-0.481358
2956,-1.068131
2957,-1.013863
2958,-0.150593
2959,0.887113
2960,-0.748988
2961,-0.893365
2962,-0.787430
2963,-0.705510
2964,-0.219975
2965,-0.056451
2966,-0.214074
2967,-0.698609
2968,-0.299951
2969,-0.481539
2970,-0.870593
2971,-0.275274
2972,-0.137461
2973,-0.320872
2974,-0.025581
2975,-0.757756
2976,-0.811654
2977,-0.478575
2978,0.115587
2979,-1.001224
2980,-0.754126
2981,-0.947438
2982,-0.776938
2983,-0.028522
2984,-0.651594
2985,-0.538782
2986,-0.292357
2987,-1.028047
2988,-0.315595
2989,-0.151721
2990,-0.883308
2991,-1.103584
2992,-0.044068
2993,-0.768396
2994,-0.978294
2995,-0.291969
2996,-1.005744
2997,-0.349216
2998,-0.826441
2999,0.169868
3000,-0.491419
3001,-0.979889
3002,-0.557285
3003,-0.111545
3004,1.125705
3005,-0.157131
3006,-0.728586
3007,-0.598326
3008,-0.522665
3009,-0.158134
3010,-0.616521
3011,-0.673925
3012,-0.516147
3013,-1.031290
3014,-0.060688
3015,0.445557
3016,-0.633133
3017,-0.297562
3018,-0.950193
3019,-0.304217
3020,-0.653188
3021,-0.365623
3022,-0.035948
3023,0.390113
3024,1.021123
3025,-0.513844
3026,-0.651194
3027,-0.782808
3028,-1.116312
3029,-0.424606
3030,-0.520795
3031,-0.867479
3032,-0.478205
3033,-0.619018
3034,-0.092803
3035,-0.290514
3036,-0.633015
3037,-1.041462
3038,-0.865707
3039,-1.030023
3040,-0.335586
3041,-0.680249
3042,-0.872663
3043,-0.660987
3044,-1.104606
3045,-0.193260
3046,-0.216671
3047,-0.554408
3048,-0.504105
3049,-0.574672
3050,-0.085657
3051,-0.775821
3052,-0.987030
3053,-1.022856
3054,-0.677952
3055,-0.220212
3056,0.159020
3057,-0.505674
3058,-1.291448
3059,-0.819379
3060,-0.996101
3061,-0.974800
3062,-0.965607
3063,0.151978
3064,-0.742504
3065,-1.201386
3066,-0.399913
3067,-1.031544
3068,-0.255493
3069,-0.080085
3070,-0.637415
3071,-0.835010
3072,-0.709755
3073,-0.340730
3074,-1.108802
3075,-0.325484
3076,-0.161917
3077,0.079868
3078,-0.491158
3079,-0.477014
3080,0.046435
3081,-0.044793
3082,-1.079214
3083,-0.727492
3084,3.351088
3085,-0.203122
3086,-0.272508
3087,-0.915698
3088,-1.162496
3089,-0.647695
3090,-0.500422
3091,-0.677230
3092,-0.827180
3093,-0.298855
3094,0.025314
3095,-0.336880
3096,0.353683
3097,-0.327312
3098,-0.831504
3099,-0.655099
3100,0.229671
3101,-0.498013
3102,-0.065613
3103,0.016976
3104,-0.832148
3105,-0.147134
3106,-0.011365
3107,-0.488187
3108,-0.991205
3109,-1.271681
3110,-0.456703
3111,0.063995
3112,-0.862376
3113,-1.016716
3114,-0.859494
3115,-0.466184
3116,-1.218247
3117,0.099694
3118,-0.932842
3119,-0.727912
3120,-1.103175
3121,-0.584192
3122,-0.064100
3123,-0.706548
3124,-1.185447
3125,-0.389145
3126,-0.019412
3127,-0.371612
3128,2.873080
3129,-1.023131
3130,0.156550
3131,-0.395150
3132,-0.176897
3133,-0.327007
3134,-0.715385
3135,-0.236889
3136,-0.475738
3137,-0.167160
3138,-0.947045
3139,-0.384360
3140,0.048159
3141,-1.076208
3142,-0.621287
3143,-0.764138
3144,-0.582335
3145,-0.736968
3146,-0.225805
3147,-0.983441
3148,-0.817416
3149,-0.317056
3150,0.431421
3151,-0.509863
3152,-1.138149
3153,0.233111
3154,-0.206301
3155,-0.732147
3156,-0.583760
3157,-0.731782
3158,1.151582
3159,-0.698022
3160,-0.071577
3161,-0.465611
3162,-0.950653
3163,-0.093575
3164,0.672661
3165,-0.161797
3166,-0.366468
3167,-0.611602
3168,-0.373586
3169,0.116344
3170,-0.299645
3171,0.677238
3172,-0.005843
3173,-0.380189
3174,-0.904925
3175,-0.774819
3176,-0.788236
3177,-0.952522
3178,0.053375
3179,-0.866415
3180,-0.883703
3181,0.100166
3182,-1.018099
3183,-0.052206
3184,-0.160322
3185,-0.619147
3186,-0.776520
3187,-1.015928
3188,-0.068016
3189,-0.657604
3190,1.323368
3191,0.125742
3192,-0.101941
3193,-0.144705
3194,-1.431425
3195,-0.379145
3196,-0.749956
3197,-0.406944
3198,-1.127194
3199,-0.541733
3200,-0.360933
3201,0.673009
3202,-0.479086
3203,-0.406937
3204,0.349647
3205,-0.276515
3206,-0.793721
3207,-0.222041
3208,-0.415244
3209,-0.240520
3210,-1.149261
3211,-0.200387
3212,-0.879451
3213,-0.047681
3214,-0.091716
3215,-0.873036
3216,-0.836241
3217,-0.995788
3218,-0.147614
3219,-0.373670
3220,-0.137434
3221,-0.526491
3222,-0.745212
3223,-1.206281
3224,0.015089
3225,-0.709558
3226,-0.381783
3227,-0.849254
3228,-1.072917
3229,-0.768665
3230,-0.172862
3231,1.291278
3232,0.515209
3233,-1.344724
3234,-0.464220
3235,0.323204
3236,-0.711591
3237,-0.758338
3238,-0.181132
3239,-0.148479
3240,-1.017847
3241,-0.186504
3242,-0.528220
3243,-0.774525
3244,-0.123166
3245,-0.158654
3246,-1.016789
3247,-0.183524
3248,-0.587211
3249,-0.465437
3250,-0.030784
3251,-1.003611
3252,-0.952113
3253,-0.944348
3254,0.091414
3255,-1.759470
3256,-0.993186
3257,-0.398233
3258,-0.849781
3259,-0.380654
3260,-0.247121
3261,-0.992051
3262,0.014485
3263,-1.160490
3264,-0.518505
3265,-0.316407
3266,0.938796
3267,0.208441
3268,-0.601972
3269,-0.098583
3270,0.434829
3271,-1.048420
3272,-0.391573
3273,-0.056699
3274,-0.816257
3275,-1.423201
3276,-0.230511
3277,-0.253756
3278,-0.618095
3279,-1.379057
3280,-0.295531
3281,-0.657598
3282,-0.328527
3283,-0.456067
3284,-0.719787
3285,-0.913022
3286,-0.518118
3287,-0.628967
3288,-0.354312
3289,0.288321
3290,-0.582129
3291,-0.813017
3292,0.083370
3293,-0.801730
3294,-0.358175
3295,-0.599780
3296,-0.803790
3297,-0.409538
3298,0.051720
3299,-0.512166
3300,-0.505085
3301,-0.501555
3302,-0.175270
3303,-0.833447
3304,-0.371705
3305,-1.178787
3306,-0.552739
3307,-0.323977
3308,-0.613689
3309,-0.525699
3310,-0.683368
3311,-1.139260
3312,-0.649549
3313,-0.666953
3314,-0.465776
3315,-0.369571
3316,-0.995268
3317,0.779465
3318,-0.807659
3319,0.228283
3320,-0.100034
3321,-0.740614
3322,-0.020338
3323,-0.269977
3324,-0.160018
3325,-0.030426
3326,-0.653509
3327,-0.649863
3328,-0.459987
3329,-0.303720
3330,-0.365098
3331,-0.455352
3332,-1.182942
3333,-0.534721
3334,-0.783156
3335,-0.441605
3336,-0.356410
3337,-0.822459
3338,-0.105656
3339,-1.165180
3340,-0.965242
3341,-0.585243
3342,0.101310
3343,-0.360413
3344,-0.377704
3345,-0.457418
3346,-0.395527
3347,-0.782403
3348,-0.186180
3349,-0.138774
3350,-0.463589
3351,-0.260797
3352,-0.512471
3353,-0.688481
3354,-1.047370
3355,-0.045928
3356,-1.061221
3357,-0.753199
3358,-0.666373
3359,0.154999
3360,-0.257158
3361,-1.373455
3362,-1.471618
3363,-0.701890
3364,-0.725850
3365,-1.107825
3366,-0.660667
3367,-0.619861
3368,0.333945
3369,0.015612
3370,-1.039872
3371,-0.377811
3372,-0.336965
3373,-0.029597
3374,-0.852880
3375,0.054385
3376,-0.208595
3377,-0.446724
3378,-0.593652
3379,-0.400221
3380,0.376040
3381,-0.788187
3382,-0.032923
3383,-1.173707
3384,0.022466
3385,-0.618885
3386,0.083090
3387,-0.655528
3388,-0.549149
3389,-0.040792
3390,-0.775745
3391,-0.026079
3392,-0.492376
3393,-1.145041
3394,-1.024125
3395,-0.241194
3396,-0.534956
3397,-0.224971
3398,0.418104
3399,-0.548456
3400,-0.633208
3401,-0.596858
3402,-0.651609
3403,-0.629752
3404,-0.528563
3405,-1.155036
3406,-0.306999
3407,-0.055682
3408,-0.868604
3409,-0.966883
3410,-0.421668
3411,-0.526482
3412,-0.364026
3413,-0.178080
3414,-0.899778
3415,0.080234
3416,-0.801145
3417,-0.499949
3418,-0.440805
3419,-0.016787
3420,-0.225228
3421,-0.210555
3422,-0.661001
3423,0.193949
3424,-0.488939
3425,-0.935957
3426,0.070785
3427,-0.268233
3428,-0.754218
3429,-0.113125
3430,0.201334
3431,-0.696906
3432,-1.331771
3433,-0.099711
3434,-1.006958
3435,-0.355892
3436,-0.819439
3437,-0.090861
3438,-0.707951
3439,-0.058882
3440,-0.343598
3441,-1.071311
3442,-0.863318
3443,-1.076424
3444,0.063625
3445,-0.407108
3446,2.346534
3447,-0.758548
3448,-0.905916
3449,-0.529765
3450,-0.338784
3451,-0.645278
3452,-0.302985
3453,-0.874412
3454,-0.321776
3455,-0.257270
3456,-0.243338
3457,-0.017564
3458,-0.003535
3459,0.298214
3460,-0.289055
3461,-0.654363
3462,-0.154836
3463,0.110043
3464,0.389488
3465,-0.969366
3466,-0.711166
3467,-0.740265
3468,-0.540225
3469,0.070359
3470,-0.658354
3471,-1.032491
3472,-0.460994
3473,0.012690
3474,-0.048196
3475,-1.308553
3476,-0.527757
3477,-0.593834
3478,-0.115946
3479,-0.791837
3480,-0.353907
3481,-0.576824
3482,-0.589676
3483,-0.312592
3484,-0.625877
3485,-0.678827
3486,-0.702108
3487,0.110961
3488,0.218901
3489,-0.962687
3490,-0.643844
3491,-0.514410
3492,-0.761400
3493,-0.325796
3494,0.040986
3495,-0.161585
3496,-0.219114
3497,-0.201825
3498,-1.186025
3499,-0.442491
3500,-0.553734
3501,0.300424
3502,-0.674054
3503,-0.854277
3504,-0.114672
3505,-0.486676
3506,1.260456
3507,-0.403486
3508,-0.749341
3509,-0.495847
3510,-0.750364
3511,-0.118435
3512,-0.179840
3513,0.971214
3514,-0.178208
3515,-0.374166
3516,-0.076165
3517,-0.050054
3518,-0.799333
3519,-0.688530
3520,-0.653332
3521,-0.516815
3522,-0.495244
3523,0.276911
3524,-0.876457
3525,0.059901
3526,-0.572597
3527,1.162933
3528,-1.224439
3529,-0.870167
3530,0.704303
3531,-1.221497
3532,-0.657489
3533,-0.269803
3534,-1.426074
3535,-0.156108
3536,-0.812840
3537,-0.051305
3538,-0.384009
3539,-0.643469
3540,0.327494
3541,-0.045601
3542,-0.606904
3543,0.377618
3544,-0.632902
3545,-0.160971
3546,-0.641082
3547,-0.983357
3548,-0.972284
3549,-0.939780
3550,-0.985896
3551,-0.205381
3552,-0.468754
3553,-0.279829
3554,-0.222522
3555,-1.308768
3556,0.034676
3557,-1.210228
3558,-0.575171
3559,-0.627558
3560,-1.034816
3561,-0.942471
3562,-0.371018
3563,0.047221
3564,-0.816983
3565,-1.545864
3566,-0.311339
3567,0.309766
3568,-1.273879
3569,-0.025351
3570,-0.703769
3571,0.872100
3572,-0.783325
3573,-0.750708
3574,-1.122148
3575,-0.491278
3576,-0.009961
3577,-0.898186
3578,-0.454483
3579,-0.370675
3580,-0.283982
3581,-0.973034
3582,-0.346324
3583,-0.152762
3584,-0.972155
3585,-0.936003
3586,0.115980
3587,-0.780379
3588,-1.250736
3589,-1.258406
3590,-0.295542
3591,0.092279
3592,-0.515067
3593,1.064591
3594,-1.130134
3595,-0.772607
3596,-1.467638
3597,-0.329909
3598,-1.036907
3599,2.926566
3600,-0.437623
3601,-0.454436
3602,-0.166553
3603,-0.533435
3604,-0.942849
3605,-0.269141
3606,-0.402486
3607,-0.829094
3608,-1.110181
3609,-0.609271
3610,-0.140957
3611,0.056527
3612,-1.120950
3613,-0.466942
3614,-0.858601
3615,0.145096
3616,-1.006335
3617,-0.911927
3618,0.024847
3619,-0.147881
3620,-1.328667
3621,-1.048427
3622,-0.574314
3623,-0.443258
3624,-0.915122
3625,-1.271347
3626,-0.203832
3627,-0.544611
3628,-0.857944
3629,-0.410572
3630,-0.839916
3631,-0.804849
3632,-0.289516
3633,-0.046946
3634,-0.690250
3635,-0.475950
3636,0.077830
3637,-0.310330
3638,-0.765350
3639,-0.549535
3640,-0.406359
3641,-0.606532
3642,-0.186656
3643,-0.580325
3644,-0.828834
3645,0.059732
3646,-0.459608
3647,-0.483803
3648,-0.426566
3649,-0.284255
3650,0.157491
3651,-0.251153
3652,-1.234848
3653,-0.842936
3654,-0.037800
3655,-0.681427
3656,-0.485587
3657,-0.558188
3658,-0.633917
3659,-0.645061
3660,-0.539629
3661,-0.888205
3662,-0.146439
3663,-0.551854
3664,-1.030076
3665,-0.372800
3666,-0.782788
3667,0.041399
3668,-1.152576
3669,-0.900997
3670,0.334891
3671,-1.201364
3672,-0.758841
3673,-0.164994
3674,-0.063585
3675,-0.362127
3676,-0.758380
3677,-1.132345
3678,-0.624169
3679,-0.392520
3680,0.359287
3681,-0.270821
3682,-0.567132
3683,-0.371715
3684,-0.845974
3685,-0.983699
3686,-0.647099
3687,-0.698634
3688,0.013849
3689,-0.835714
3690,-0.473130
3691,-0.947598
3692,-0.180242
3693,-0.637981
3694,0.258696
3695,-0.898013
3696,-0.094890
3697,-1.017435
3698,-0.306981
3699,-0.265910
3700,-0.981747
3701,-0.758566
3702,-0.565704
3703,-0.292481
3704,-0.189868
3705,-1.110084
3706,-0.574712
3707,-0.529835
3708,-0.452197
3709,-0.169617
3710,-0.185267
3711,-0.132765
3712,-0.104904
3713,-0.149058
3714,-0.849824
3715,0.253036
3716,0.035950
3717,0.303154
3718,-0.522351
3719,-1.103856
3720,-0.547741
3721,-1.149443
3722,-0.326816
3723,-0.514474
3724,-0.092967
3725,-0.051392
3726,-0.818950
3727,-0.942908
3728,-1.043317
3729,-0.133282
3730,-1.172069
3731,-0.904859
3732,-0.175201
3733,-0.224949
3734,-0.364910
3735,-0.009847
3736,-1.298323
3737,-0.167042
3738,-0.472765
3739,-0.567958
3740,-0.073181
3741,-0.702760
3742,-0.036757
3743,-0.129313
3744,-0.191933
3745,0.394973
3746,-1.098779
3747,-1.015190
3748,-1.457211
3749,-0.920710
3750,0.013986
3751,-0.385013
3752,-0.492636
3753,-0.170799
3754,-0.394488
3755,-0.503650
3756,0.223217
3757,-0.449951
3758,-3.459284
3759,-0.278359
3760,-0.328547
3761,-0.924940
3762,-0.605866
3763,-0.060828
3764,-0.175938
3765,-0.863907
3766,-0.796812
3767,-0.283567
3768,-0.237945
3769,0.020293
3770,-0.442082
3771,-0.566602
3772,-1.214075
3773,-0.596963
3774,-0.511223
3775,-0.701747
3776,-0.337971
3777,-1.717324
3778,-0.112314
3779,-0.580205
3780,-0.366900
3781,-0.299311
3782,-0.318520
3783,-0.245814
3784,-0.812798
3785,-0.112684
3786,-1.070435
3787,-0.352011
3788,-0.306729
3789,-0.165870
3790,-0.369787
3791,-0.033627
3792,-1.277029
3793,-0.549580
3794,-0.355903
3795,-0.397763
3796,-0.617505
3797,-0.351964
3798,-1.014034
3799,-0.286719
3800,0.500528
3801,-0.273175
3802,0.063293
3803,-0.920986
3804,-0.428073
3805,0.464938
3806,0.174454
3807,-0.484678
3808,-0.165586
3809,0.653847
3810,-0.135057
3811,-0.236981
3812,-0.487273
3813,-1.604530
3814,-1.167371
3815,-0.101012
3816,-0.210635
3817,-0.642374
3818,-1.088276
3819,-0.267155
3820,-0.449471
3821,-0.574845
3822,-0.935774
3823,0.373235
3824,0.310949
3825,-0.362777
3826,-0.503490
3827,-0.543421
3828,-0.053016
3829,-0.127280
3830,-0.275754
3831,1.494754
3832,-0.341713
3833,-0.824947
3834,-0.751126
3835,-1.138385
3836,-0.858972
3837,-0.653705
3838,-0.523579
3839,-0.981107
3840,-0.539658
3841,-0.945421
3842,-0.326343
3843,-0.419560
3844,-0.655701
3845,-0.292246
3846,0.336667
3847,-0.295071
3848,-0.237039
3849,-0.726338
3850,-0.243739
3851,-1.141639
3852,-0.462440
3853,-0.024317
3854,-1.184436
3855,-0.239016
3856,-0.667669
3857,-0.601650
3858,0.195668
3859,0.193974
3860,0.058659
3861,0.161121
3862,-0.286558
3863,-0.218999
3864,-0.125623
3865,-0.991331
3866,-0.494435
3867,1.268607
3868,-0.890172
3869,0.333267
3870,-0.139655
3871,-0.349592
3872,-0.797259
3873,-0.334844
3874,-0.673133
3875,-0.459668
3876,-1.050005
3877,-1.021725
3878,-0.310318
3879,-0.176124
3880,-0.607316
3881,-0.256023
3882,-0.417027
3883,0.223975
3884,-1.067111
3885,0.062448
3886,-0.553383
3887,-0.623244
3888,-1.050788
3889,-0.114350
3890,-0.144509
3891,-0.339038
3892,-0.209967
3893,-0.626645
3894,-0.831819
3895,-0.063182
3896,0.425772
3897,-0.137924
3898,-0.638212
3899,-0.479788
3900,-0.612012
3901,0.475093
3902,-2.752377
3903,-1.094055
3904,-1.242483
3905,-1.368912
3906,-0.920426
3907,-1.119507
3908,-0.221166
3909,-0.957480
3910,-0.936005
3911,-0.570375
3912,-0.389729
3913,-0.643913
3914,-0.803440
3915,-0.361855
3916,-0.650670
3917,-0.329447
3918,-0.636198
3919,-1.111044
3920,-0.202642
3921,-0.567322
3922,-1.070422
3923,-1.008245
3924,-0.924646
3925,-1.198075
3926,-0.161723
3927,-0.707249
3928,-0.435930
3929,-0.015925
3930,-0.054202
3931,-0.548780
3932,-0.257154
3933,0.036463
3934,-0.801710
3935,0.292112
3936,-1.027454
3937,-0.664745
3938,-0.429877
3939,0.916980
3940,-1.348597
3941,-0.956359
3942,-0.854189
3943,-0.675807
3944,0.339129
3945,-0.573034
3946,0.001102
3947,-0.699404
3948,-0.111057
3949,1.104141
3950,-0.667403
3951,-1.096400
3952,-0.482470
3953,-0.476058
3954,-1.009503
3955,0.188314
3956,-0.004084
3957,-0.170282
3958,-0.557222
3959,-0.113902
3960,0.032529
3961,-0.155163
3962,-1.059969
3963,-0.581982
3964,-0.163238
3965,-0.458072
3966,-0.467698
3967,-1.072573
3968,-0.009998
3969,0.091390
3970,0.080370
3971,0.474112
3972,-0.594681
3973,-0.498746
3974,-0.916061
3975,-0.685868
3976,-0.718265
3977,-0.203957
3978,-0.647541
3979,0.343453
3980,-0.431967
3981,-0.983358
3982,-0.620977
3983,-0.488888
3984,-0.370572
3985,0.433509
3986,-0.438240
3987,-0.244436
3988,-0.785330
3989,0.104048
3990,-1.063074
3991,-0.993213
3992,-0.712436
3993,0.483849
3994,-0.884808
3995,-0.338270
3996,0.556749
3997,-0.299074
3998,-0.541235
3999,-0.277960
4000,-1.056183
4001,-0.508708
4002,-0.664534
4003,-1.003346
4004,-0.748146
4005,-0.596600
4006,-0.558635
4007,-0.531998
4008,-0.911378
4009,-1.136941
4010,-0.143570
4011,-1.252900
4012,-0.578591
4013,-1.197894
4014,-0.662104
4015,-0.630257
4016,-0.868203
4017,-0.582552
4018,-1.390537
4019,-0.423808
4020,-0.491971
4021,-0.919867
4022,-0.060799
4023,-1.059952
4024,-0.192356
4025,-0.891922
4026,-0.417819
4027,-0.424777
4028,-0.370505
4029,0.806446
4030,-1.038021
4031,-0.315177
4032,-0.362149
4033,-0.332680
4034,-0.915436
4035,-0.096510
4036,-0.408011
4037,-0.264226
4038,-1.087576
4039,-0.479380
4040,-0.664145
4041,-0.040433
4042,-0.293888
4043,-0.497539
4044,-0.480813
4045,-0.318975
4046,0.252864
4047,-0.963863
4048,0.195014
4049,-0.034221
4050,-0.160302
4051,-0.387041
4052,-0.174807
4053,-0.131852
4054,-0.659402
4055,-0.648137
4056,-0.317581
4057,-0.473571
4058,0.115095
4059,-0.024478
4060,-1.368355
4061,-1.390393
4062,-0.359803
4063,-0.884785
4064,0.310494
4065,-0.704398
4066,-0.950586
4067,-0.839440
4068,-1.070752
4069,-0.288295
4070,-0.498752
4071,-1.114549
4072,-0.771461
4073,0.081419
4074,-1.481710
4075,-1.223080
4076,-0.477285
4077,-0.887725
4078,-1.102644
4079,-0.064764
4080,-0.114487
4081,-0.229102
4082,-0.571641
4083,-1.160735
4084,-0.624546
4085,0.147358
4086,-0.736646
4087,-0.462402
4088,-0.083853
4089,-0.708849
4090,-0.834557
4091,-0.618514
4092,-0.375547
4093,-0.003592
4094,-0.193797
4095,-0.227330
4096,-0.327017
4097,-0.718805
4098,-0.639964
4099,-0.604917
4100,-0.696998
4101,-0.562442
4102,-0.292286
4103,-0.931247
4104,-0.177666
4105,-0.224016
4106,-0.494252
4107,-0.000579
4108,-1.055440
4109,0.145760
4110,0.324890
4111,-0.716278
4112,-1.257472
4113,-0.634962
4114,0.262407
4115,-1.044249
4116,-0.529614
4117,-0.433687
4118,-0.481118
4119,0.076494
4120,-0.634169
4121,1.612980
4122,-0.620318
4123,-0.201133
4124,-0.457878
4125,-0.890588
4126,-0.839491
4127,0.168945
4128,-0.398709
4129,-0.352251
4130,-0.365842
4131,0.787289
4132,-0.599551
4133,0.070101
4134,0.075860
4135,-0.381388
4136,-0.616613
4137,-0.145041
4138,-0.153998
4139,-0.631432
4140,-0.720047
4141,-0.095415
4142,-0.526695
4143,-0.372382
4144,-0.389981
4145,0.207674
4146,-0.154535
4147,-0.727336
4148,-0.597475
4149,-0.775093
4150,-1.434448
4151,-0.124278
4152,-0.425329
4153,0.214334
4154,-0.242559
4155,0.818757
4156,0.017043
4157,-0.323590
4158,0.293821
4159,-1.227373
4160,-0.381852
4161,-1.200749
4162,-0.519623
4163,-0.186995
4164,-0.086079
4165,-0.083505
4166,-0.281446
4167,-0.218713
4168,-1.131984
4169,-1.526186
4170,0.316846
4171,-0.660869
4172,-0.567434
4173,-0.682970
4174,-0.992848
4175,-0.760863
4176,-0.802970
4177,-0.157505
4178,-0.993989
4179,0.896317
4180,-0.914592
4181,-0.720166
4182,-0.989103
4183,-0.485331
4184,-0.866828
4185,-0.926300
4186,-1.185830
4187,0.324789
4188,-0.511242
4189,-1.061899
4190,0.222130
4191,-0.071231
4192,-0.100335
4193,-0.678362
4194,-0.947637
4195,-0.387110
4196,-0.470963
4197,-1.248940
4198,0.015222
4199,-0.139668
4200,-0.322112
4201,-1.071058
4202,-0.104613
4203,-0.144863
4204,-0.650034
4205,-1.037498
4206,-0.155925
4207,-0.765604
4208,-0.285572
4209,-0.492961
4210,-0.359234
4211,-0.458843
4212,0.111527
4213,-0.892424
4214,-0.835473
4215,-0.563921
4216,-0.584608
4217,-0.922772
4218,-0.632309
4219,-0.184651
4220,-0.704144
4221,-0.548879
4222,-0.414802
4223,-0.339691
4224,-0.545857
4225,0.466332
4226,-0.918364
4227,-0.164372
4228,-0.421190
4229,-1.259871
4230,0.342137
4231,-0.677693
4232,-0.375354
4233,-0.099332
4234,-1.085645
4235,-0.822150
4236,-0.566313
4237,-1.227553
4238,-0.809365
4239,-1.387253
4240,-0.312397
4241,0.193396
4242,-0.838016
4243,-0.222413
4244,-0.409118
4245,0.959664
4246,-0.720970
4247,0.111672
4248,-0.628681
4249,0.078154
4250,-0.603470
4251,-4.636283
4252,1.419896
4253,-0.938879
4254,-0.824397
4255,-0.508739
4256,-0.929437
4257,-0.574376
4258,0.831607
4259,-0.045447
4260,-0.054358
4261,-0.296754
4262,-0.191018
4263,-0.634401
4264,-0.564881
4265,-0.222208
4266,-0.643366
4267,-0.464356
4268,-0.720992
4269,-0.339017
4270,-0.788339
4271,-0.274189
4272,-1.010286
4273,-0.999967
4274,-0.713298
4275,-0.669556
4276,-1.235891
4277,-0.847824
4278,-0.982214
4279,-0.686080
4280,-1.122611
4281,-1.228656
4282,0.021521
4283,-0.523186
4284,-0.791221
4285,-0.216711
4286,-0.257076
4287,-0.964350
4288,-1.054264
4289,-0.183924
4290,-0.596816
4291,-0.564776
4292,-1.000336
4293,-0.975767
4294,-0.599647
4295,-0.523283
4296,-0.152087
4297,-1.067583
4298,0.523837
4299,-1.823409
4300,-0.224501
4301,-1.156807
4302,-1.058356
4303,-1.346584
4304,-0.140484
4305,-0.736620
4306,-0.335275
4307,-1.325429
4308,-0.367567
4309,0.199537
4310,-0.646855
4311,-0.727167
4312,-0.569577
4313,-0.820917
4314,-0.225286
4315,0.111233
4316,-0.848364
4317,0.162347
4318,-0.473890
4319,0.141996
4320,-0.599886
4321,0.210573
4322,-0.936779
4323,-0.443852
4324,-0.883793
4325,-0.519225
4326,-0.611095
4327,-0.257915
4328,-0.157638
4329,0.154829
4330,-0.275202
4331,-0.140968
4332,-1.955661
4333,-1.156808
4334,-1.644522
4335,-0.784698
4336,-0.380303
4337,-0.836718
4338,-0.145201
4339,0.001824
4340,-0.086906
4341,-0.149482
4342,-0.808824
4343,0.600038
4344,-0.504913
4345,-0.106147
4346,-0.503455
4347,-0.119349
4348,-1.187334
4349,-0.903255
4350,-0.539477
4351,-1.038850
4352,-0.846356
4353,-0.730673
4354,-1.049165
4355,-0.409578
4356,-0.976729
4357,-0.927475
4358,-0.937414
4359,-1.147842
4360,-0.508852
4361,-0.427998
4362,-0.151882
4363,-1.054643
4364,-0.866306
4365,-0.542205
4366,-0.099490
4367,-1.358382
4368,-0.075736
4369,-0.229311
4370,-0.353557
4371,-0.150965
4372,-0.727543
4373,-0.637557
4374,-1.300231
4375,-1.319404
4376,-0.358389
4377,-0.573857
4378,-0.350260
4379,-0.237158
4380,-0.276739
4381,-0.388458
4382,-0.891023
4383,-0.175435
4384,-1.051650
4385,0.276328
4386,-0.847869
4387,-1.114853
4388,0.215827
4389,-1.027451
4390,-0.764719
4391,-0.499428
4392,0.117587
4393,-1.135954
4394,-0.415470
4395,-0.183252
4396,-0.745282
4397,-0.933892
4398,-0.712678
4399,0.010809
4400,-0.163507
4401,-0.159060
4402,-1.040327
4403,-0.976814
4404,-1.063955
4405,-0.281919
4406,-0.218042
4407,-1.035527
4408,-0.709921
4409,-0.940563
4410,-0.158345
4411,-0.653294
4412,0.382216
4413,-0.165153
4414,-0.222126
4415,-0.652162
4416,-0.334216
4417,-0.299805
4418,-0.958496
4419,0.586535
4420,-1.205678
4421,-0.056485
4422,-0.138502
4423,-0.775765
4424,-0.668585
4425,-0.842382
4426,-0.357554
4427,-0.382381
4428,-0.506339
4429,-0.175873
4430,-0.565731
4431,-0.601658
4432,-0.193498
4433,-0.729915
4434,-0.367204
4435,-1.161874
4436,-0.387321
4437,-0.388438
4438,-0.402610
4439,-0.073831
4440,-0.064828
4441,-0.901428
4442,-1.049473
4443,-0.885313
4444,-0.111081
4445,-0.747494
4446,-1.075562
4447,-0.061679
4448,-0.745686
4449,-0.519613
4450,-0.916579
4451,0.021994
4452,-0.307662
4453,-0.871580
4454,-0.127995
4455,-0.543099
4456,-1.101553
4457,-1.008258
4458,0.025700
4459,-0.306406
4460,-0.977282
4461,-0.269232
4462,-0.169852
4463,-1.377228
4464,-0.471184
4465,-0.399567
4466,-0.295739
4467,0.156027
4468,-0.216553
4469,-0.870924
4470,-0.200155
4471,0.104546
4472,-0.927245
4473,0.055458
4474,-1.293378
4475,-0.620866
4476,-0.160474
4477,-0.557683
4478,-0.856236
4479,0.037489
4480,-0.162668
4481,-1.008799
4482,-0.710121
4483,-0.292255
4484,3.204986
4485,-0.990332
4486,-0.297357
4487,-1.022322
4488,-0.941404
4489,-0.295036
4490,0.182584
4491,-0.755405
4492,-0.919015
4493,-1.066298
4494,-0.343861
4495,-0.290936
4496,-0.792344
4497,-0.585209
4498,-1.054142
4499,-0.196543
4500,0.022567
4501,-0.806480
4502,-0.303859
4503,-0.751871
4504,-0.917668
4505,-1.054814
4506,-0.299634
4507,-0.558102
4508,-0.576237
4509,-0.130469
4510,-0.516756
4511,-0.739525
4512,-0.288326
4513,-0.931100
4514,-1.106753
4515,-0.231063
4516,-1.710406
4517,-0.029294
4518,-0.190181
4519,-0.220880
4520,0.123716
4521,-0.409445
4522,-0.228310
4523,-1.075271
4524,-0.532556
4525,-1.198358
4526,0.328649
4527,-0.452837
4528,-0.744529
4529,-0.706844
4530,-0.790524
4531,-0.730487
4532,-0.061037
4533,-0.775048
4534,-0.314508
4535,-0.139247
4536,-0.015744
4537,-1.289630
4538,-0.206954
4539,-0.018503
4540,-0.303802
4541,0.077339
4542,-0.872607
4543,-0.966757
4544,-0.491310
4545,-0.209426
4546,-0.793469
4547,-0.517903
4548,-0.220319
4549,-1.134974
4550,-0.289875
4551,-0.143046
4552,-0.255452
4553,-0.369083
4554,0.433637
4555,-0.325180
4556,-1.330959
4557,0.001161
4558,-1.087774
4559,-0.169185
4560,-0.494949
4561,-0.132146
4562,-0.261343
4563,-0.976936
4564,0.103704
4565,-0.950621
4566,-1.361067
4567,-1.069070
4568,-0.339228
4569,0.027265
4570,-0.267287
4571,-0.190012
4572,-0.394442
4573,-1.420397
4574,-0.904433
4575,-0.472604
4576,-0.204831
4577,0.332423
4578,-0.420021
4579,-0.942693
